{"size_w_250_h_250": {"coefficients": [-808.4516070326193, 3091.047748229497, -4736.67956052662, 3692.224668859842, -1519.0049079971122, 295.9427534417762, -10.966423352313118, -1.5875438927244214]}, "size_w_500_h_500": {"coefficients": [-769.4283771235322, 2952.7096842966876, -4545.213119798102, 3563.116953597608, -1476.652365284302, 290.61743924479504, -11.058135478804836, -1.5666674966280112]}, "size_w_1000_h_1000": {"coefficients": [-782.327704362086, 2997.084905750819, -4605.5001136887195, 3604.0954864675, -1491.4185994452248, 293.40058275882916, -11.339314329107722, -1.548830959858378]}, "size_w_2000_h_2000": {"coefficients": [-816.7577168907771, 3091.031791640708, -4693.999033126868, 3636.5124081646454, -1494.2289238440924, 292.3526724022449, -11.092063396318178, -1.5622609748676837]}, "size_w_3840_h_2160": {"coefficients": [-633.1978613091767, 2474.984720653543, -3908.288149581649, 3161.7630092810027, -1355.435441816557, 274.1050311734927, -10.315202229469609, -1.5700737137822882]}}