{"size_w_250_h_250": {"coefficients": [1.1517635363236314, 5.632825079373951, -16.571437246834837, 14.292627058274428, -1.9049900934379083]}, "size_w_500_h_500": {"coefficients": [2.024620419394311, 3.617406753784105, -15.007642596775531, 13.852557333203752, -1.884088362247109]}, "size_w_1000_h_1000": {"coefficients": [1.9725253040179176, 3.453061040177107, -14.777874437374743, 13.746544409749813, -1.8680234276313201]}, "size_w_2000_h_2000": {"coefficients": [5.029649656585797, -1.225871306452312, -13.24820050612558, 13.678144234416378, -1.8773925804641247]}, "size_w_3840_h_2160": {"coefficients": [-2.814135891093018, 13.977877275339829, -22.28645058111621, 15.211121012335514, -1.9255315400039799]}}