{"size_w_250_h_250": {"coefficients": [262.4456395633849, -844.3241652917061, 1031.1911466024237, -582.559498538267, 138.68757913959936, -1.1947939120305469, -1.6563012774713803]}, "size_w_500_h_500": {"coefficients": [260.64164823011646, -840.7382088801687, 1030.5291194080135, -585.4083311369053, 140.9528303738792, -1.758173778332095, -1.6321060244275611]}, "size_w_1000_h_1000": {"coefficients": [259.88483715446864, -838.9203525421206, 1029.0492764174746, -585.2330206554841, 141.22687385566016, -1.8834404568887946, -1.6153665527115755]}, "size_w_2000_h_2000": {"coefficients": [233.36835183835834, -761.6532027953087, 948.1391706047358, -548.1623838445055, 133.48184325795344, -1.2200392918177663, -1.6317247796233194]}, "size_w_3840_h_2160": {"coefficients": [259.55860222943284, -859.7060325093823, 1077.5804552379993, -621.9898956093525, 150.93916795823102, -2.6618376875862593, -1.6239260762395278]}}