{"size_w_250_h_250": {"coefficients": [-56.896484236296736, 143.41950024560884, -119.4752273009337, 28.804227108973677, 8.39789993183539, -1.7766382439606]}, "size_w_500_h_500": {"coefficients": [-58.72312570431544, 148.8598124103639, -125.5071953224912, 31.824791386607668, 7.768582080868399, -1.7516158221173124]}, "size_w_1000_h_1000": {"coefficients": [-59.175964323462715, 149.94002496400063, -126.66727492799943, 32.41570406074571, 7.615653075902281, -1.7345293362569576]}, "size_w_2000_h_2000": {"coefficients": [-61.467440800888944, 158.72690883583982, -136.38486938203533, 35.77285940696409, 7.3098458141312745, -1.7387291847318658]}, "size_w_3840_h_2160": {"coefficients": [-80.94046188863626, 199.57475466454477, -163.9997900897341, 42.26458944817038, 6.8253315786701, -1.7429392740599463]}}