{"size_w_250_h_250": {"coefficients": [4.053450267184176e-15, -1.885041764605416e-12, 4.973974403714736e-10, -2.276171704313733e-07, 6.705072313223484e-05, -0.0015548613782450172, -0.0018625934716171011, 0.0764452206075494]}, "size_w_500_h_500": {"coefficients": [-2.4091483672666883e-16, 1.5339194507892194e-12, -5.737197118580852e-10, -5.9058652765090935e-08, 5.356096154465909e-05, -0.0011421571640586982, -0.006466430987831833, 0.08138301353720408]}, "size_w_1000_h_1000": {"coefficients": [-2.2904224016982786e-14, 1.8723030333404696e-11, -5.732723900884384e-09, 6.813585894490804e-07, 1.3102390911004734e-06, 0.0005185779266065413, -0.024118195563745847, 0.09019763527030214]}, "size_w_2000_h_2000": {"coefficients": [-2.5008665443647364e-13, 2.012302028571561e-10, -6.05381575961183e-08, 8.358265828606782e-06, -0.0005267993654477132, 0.017139918224070398, -0.20529168903006917, 0.19568764152263887]}, "size_w_3840_h_2160": {"coefficients": [1.3863514379398068e-13, -1.474340288467196e-10, 5.816252643167738e-08, -1.0842716946063144e-05, 0.0009856491384447504, -0.036856181485731374, 0.46579847944866754, -0.42330038286960053]}}