{"size_w_250_h_250": {"coefficients": [0.035079840453435346, 0.023053420441099776, 0.03560247139460982, 0.16051549221488365], "min_Luminance": -1.6158975920514835, "max_Luminance": 2.5439935874854642}, "size_w_500_h_500": {"coefficients": [0.03594836490044084, 0.020315299661641528, 0.036236529601328074, 0.16514896889036323], "min_Luminance": -1.5736839710423554, "max_Luminance": 2.5424519473759766}, "size_w_1000_h_1000": {"coefficients": [0.041308926845589414, 0.018009048343388775, 0.02405563233154463, 0.16745188741283634], "min_Luminance": -1.5737165183112207, "max_Luminance": 2.464072042578179}, "size_w_2000_h_2000": {"coefficients": [0.06211410447063251, 0.024343493176801376, -0.016445121037598973, 0.16385110026576397], "min_Luminance": -1.5696346514195296, "max_Luminance": 2.276875221131548}, "size_w_3840_h_2160": {"coefficients": [0.059658813691600136, 0.04020829787609844, 0.004659189449782669, 0.1535059323790513], "min_Luminance": -1.5600045260461919, "max_Luminance": 2.142139080132135}}