{"size_w_250_h_250": {"coefficients": [0.002623572274612073, 0.0005101213933494909, 0.011129173708087489, 0.02543665843852561, 0.07716762726603879, 0.15418256361837052], "min_Luminance": -1.6158975920514835, "max_Luminance": 2.5439935874854642}, "size_w_500_h_500": {"coefficients": [0.0035591823334564805, -0.0031288798395569407, 0.011772951427630992, 0.033927926719200426, 0.07303607459388477, 0.15433672621578734], "min_Luminance": -1.5736839710423554, "max_Luminance": 2.5424519473759766}, "size_w_1000_h_1000": {"coefficients": [0.007229472490164438, -0.007048049549712388, -0.003130553838634762, 0.04472282201509153, 0.08709783682471356, 0.1490666181129762], "min_Luminance": -1.5737165183112207, "max_Luminance": 2.464072042578179}, "size_w_2000_h_2000": {"coefficients": [0.005082101166225608, 0.008882517710448188, 0.011931223915413977, 0.003063198228513671, 0.0676185574248663, 0.16426557341629744], "min_Luminance": -1.5696346514195296, "max_Luminance": 2.276875221131548}, "size_w_3840_h_2160": {"coefficients": [-0.0032358067280855575, 0.01657839044491479, 0.05362191026218708, -0.006265498776998578, 0.03345223614422554, 0.1688660866412109], "min_Luminance": -1.5600045260461919, "max_Luminance": 2.142139080132135}}