{"size_w_250_h_250": {"coefficients": [0.007643914975596683, 0.01801979056803162, 0.0033888162067538647, 0.07531280498436459, 0.16329661282570632], "min_Luminance": -1.6158975920514835, "max_Luminance": 2.5439935874854642}, "size_w_500_h_500": {"coefficients": [0.006633961304461528, 0.020665308175873552, 0.004628675608790606, 0.07061287234296396, 0.16637259259526846], "min_Luminance": -1.5736839710423554, "max_Luminance": 2.5424519473759766}, "size_w_1000_h_1000": {"coefficients": [0.011611532133831667, 0.016093734526780708, -0.010453931878370295, 0.07966249271830864, 0.17143516468269163], "min_Luminance": -1.5737165183112207, "max_Luminance": 2.464072042578179}, "size_w_2000_h_2000": {"coefficients": [0.01968485869146092, 0.027652516869820513, -0.02855993761902745, 0.0583276091982905, 0.17705214288440846], "min_Luminance": -1.5696346514195296, "max_Luminance": 2.276875221131548}, "size_w_3840_h_2160": {"coefficients": [0.010850858926185572, 0.04267809378565716, 0.010151504625133145, 0.04103973945695521, 0.16223943181007944], "min_Luminance": -1.5600045260461919, "max_Luminance": 2.142139080132135}}