{"size_w_250_h_250": {"coefficients": [-7.1591314900576e-12, 8.026229647835616e-09, -3.471490512090848e-06, 0.0007285009700954899, -0.07709243378224936, 4.400286945243286, 22.831032357318694], "min_Luminance": 0.024215999999999998, "max_Luminance": 349.94, "threshold": 0}, "size_w_500_h_500": {"coefficients": [-7.406310969845001e-12, 8.272498690246314e-09, -3.563946068272352e-06, 0.0007447482726794895, -0.07844928161961479, 4.448666981719801, 23.048594628377305], "min_Luminance": 0.026688, "max_Luminance": 348.7, "threshold": 0}, "size_w_1000_h_1000": {"coefficients": [-1.819996021919421e-11, 1.733281509510457e-08, -6.374074919872415e-06, 0.0011386927874307015, -0.10246900839110722, 4.947454605764432, 22.046569458421114], "min_Luminance": 0.026685999999999998, "max_Luminance": 291.12, "threshold": 0}, "size_w_2000_h_2000": {"coefficients": [-2.382167974155282e-10, 1.526251942021045e-07, -3.749815154058928e-05, 0.004381250015366787, -0.24597937842635914, 7.096146941442537, 19.050564531683616], "min_Luminance": 0.026938, "max_Luminance": 189.18, "threshold": 0}, "size_w_3840_h_2160": {"coefficients": [-1.5883208079060879e-09, 6.560913212797148e-07, -0.00010388443807357779, 0.007939610693930205, -0.3082344624479986, 7.41748588739355, 19.20091752043033], "min_Luminance": 0.027542, "max_Luminance": 138.71999999999997, "threshold": 0}}