{"size_w_250_h_250": {"coefficients": [-8.901331348486337e-08, 7.116107789350566e-05, -0.01971252332651468, 2.6353453906922923, 28.58558399601358], "min_Luminance": 0.024215999999999998, "max_Luminance": 349.94, "threshold": 0}, "size_w_500_h_500": {"coefficients": [-9.087644098332378e-08, 7.243964648203516e-05, -0.020005735582588065, 2.659374216232729, 28.83803695555201], "min_Luminance": 0.026688, "max_Luminance": 348.7, "threshold": 0}, "size_w_1000_h_1000": {"coefficients": [-1.6682785892893185e-07, 0.00011335872416037824, -0.02640743025553549, 2.962798016125197, 27.42749989256963], "min_Luminance": 0.026685999999999998, "max_Luminance": 291.12, "threshold": 0}, "size_w_2000_h_2000": {"coefficients": [-7.053715724050268e-07, 0.00028239844711996605, -0.04009680460253987, 3.442446539922731, 25.48161218854452], "min_Luminance": 0.026938, "max_Luminance": 189.18, "threshold": 0}, "size_w_3840_h_2160": {"coefficients": [-2.630098516087149e-06, 0.0007787635637035701, -0.08171340405627625, 4.8743868569705535, 21.874992714943378], "min_Luminance": 0.027542, "max_Luminance": 138.71999999999997, "threshold": 0}}