{"size_w_250_h_250": {"coefficients": [7.63738282346904e-10, -7.366670193197194e-07, 0.00026066103393847657, -0.041805995591007755, 3.485575504418099, 25.208873578317373], "min_Luminance": 0.024215999999999998, "max_Luminance": 349.94, "threshold": 0}, "size_w_500_h_500": {"coefficients": [7.869161823232645e-10, -7.556926327353541e-07, 0.00026620435341893596, -0.0425019992666338, 3.5210303835163845, 25.442399126172567], "min_Luminance": 0.026688, "max_Luminance": 348.7, "threshold": 0}, "size_w_1000_h_1000": {"coefficients": [1.749923943661049e-09, -1.4083480743015503e-06, 0.00041805998870907135, -0.05627438757836345, 3.9301729521678546, 24.24961375561813], "min_Luminance": 0.026685999999999998, "max_Luminance": 291.12, "threshold": 0}, "size_w_2000_h_2000": {"coefficients": [2.116822411887502e-08, -1.0472198947322642e-05, 0.001841463911811845, -0.13969039502794486, 5.557692886637728, 21.119028760560223], "min_Luminance": 0.026938, "max_Luminance": 189.18, "threshold": 0}, "size_w_3840_h_2160": {"coefficients": [1.1270119495592632e-08, -6.4706433982898306e-06, 0.0012330632038005597, -0.10334789376748191, 5.223597495532421, 21.34167899350907], "min_Luminance": 0.027542, "max_Luminance": 138.71999999999997, "threshold": 0}}