{"size_w_250_h_250": {"coefficients": [7.556596047478662e-14, -9.585705402981851e-11, 4.861743850731424e-08, -1.2593665275262735e-05, 0.0017661936910046624, -0.13191582767380888, 5.4181500925931365, 20.998963554270947], "min_Luminance": 0.024215999999999998, "max_Luminance": 349.94, "threshold": 0}, "size_w_500_h_500": {"coefficients": [7.805384219436015e-14, -9.869466421468427e-11, 4.989650181071488e-08, -1.2883234589971274e-05, 0.0018007562572042116, -0.1340119516594023, 5.475561820808223, 21.21369307463046], "min_Luminance": 0.026688, "max_Luminance": 348.7, "threshold": 0}, "size_w_1000_h_1000": {"coefficients": [2.226270119408427e-13, -2.402646561227337e-10, 1.0386284374888272e-07, -2.2961191194959237e-05, 0.002750526149762142, -0.17528015779006134, 6.102046132425774, 20.310073200950345], "min_Luminance": 0.026685999999999998, "max_Luminance": 291.12, "threshold": 0}, "size_w_2000_h_2000": {"coefficients": [1.5906089806250287e-12, -1.2580942709369733e-09, 4.082231099319808e-07, -6.906446758917836e-05, 0.006364216219817149, -0.30420636704486115, 7.6995027431463985, 18.49361272884392], "min_Luminance": 0.026938, "max_Luminance": 189.18, "threshold": 0}, "size_w_3840_h_2160": {"coefficients": [6.203416095106753e-11, -3.1420033967437715e-08, 6.277220687120747e-06, -0.0006269210180699964, 0.03273482342754612, -0.8586450156469663, 11.745085830008714, 16.25910206612572], "min_Luminance": 0.027542, "max_Luminance": 138.71999999999997, "threshold": 0}}