{"size_w_250_h_250": {"coefficients": [3.327824947989871e-06, -0.002688297654726954, 1.0752231034766109, 66.66426882818077], "min_Luminance": 16.387999999999998, "max_Luminance": 349.94}, "size_w_500_h_500": {"coefficients": [3.4550893198056766e-06, -0.0027644196344579017, 1.0868600825328898, 66.98002270246356], "min_Luminance": 15.972, "max_Luminance": 348.7}, "size_w_1000_h_1000": {"coefficients": [6.464762318947275e-06, -0.00372786014902713, 1.1939280848315894, 64.50117508153328], "min_Luminance": 15.947999999999999, "max_Luminance": 291.12}, "size_w_2000_h_2000": {"coefficients": [-2.5699962011006404e-05, 0.0052090202084283735, 0.921658059093626, 65.20722605836968], "min_Luminance": 16.008000000000003, "max_Luminance": 189.18}, "size_w_3840_h_2160": {"coefficients": [-1.3284948263272277e-05, -0.003340331943328802, 2.058113640136452, 49.49120547853454], "min_Luminance": 14.946000000000002, "max_Luminance": 138.71999999999997}}