{"Matrix_RGB2XYZ": [[0.3214641530402267, 0.04165682057554554, 0.019819565720418306], [0.1166524494267866, 0.17625936166260597, -0.0658661519441805], [-0.0281283996757558, -0.0250738006716123, 0.3250171985238698]], "Matrix_RGB_expanded_2XYZ": [[0.2886528080955905, 0.012809494062639919, 0.008738595735379651, 0.05800232015732954, -0.02018639230284374, 0.029479656309949726], [0.18469217300546986, 0.23397223734619832, -0.010699526206178811, -0.08389029431407422, -0.012062237803840234, -0.08124886417752741], [0.008773031619993927, -0.08442610045337624, 0.26764053233149937, 0.022916189205479526, -0.08141951313715816, 0.13594194008265517]]}