{
    "All_input_RGB": [
        [
            0,
            0,
            255
        ],
        [
            0,
            0,
            226
        ],
        [
            0,
            0,
            198
        ],
        [
            0,
            0,
            170
        ],
        [
            0,
            0,
            141
        ],
        [
            0,
            0,
            113
        ],
        [
            0,
            0,
            85
        ],
        [
            0,
            0,
            56
        ],
        [
            0,
            0,
            28
        ],
        [
            0,
            255,
            0
        ],
        [
            0,
            226,
            0
        ],
        [
            0,
            198,
            0
        ],
        [
            0,
            170,
            0
        ],
        [
            0,
            141,
            0
        ],
        [
            0,
            113,
            0
        ],
        [
            0,
            85,
            0
        ],
        [
            0,
            56,
            0
        ],
        [
            0,
            28,
            0
        ],
        [
            255,
            0,
            0
        ],
        [
            226,
            0,
            0
        ],
        [
            198,
            0,
            0
        ],
        [
            170,
            0,
            0
        ],
        [
            141,
            0,
            0
        ],
        [
            113,
            0,
            0
        ],
        [
            85,
            0,
            0
        ],
        [
            56,
            0,
            0
        ],
        [
            28,
            0,
            0
        ]
    ],
    "r0, g0, b255": {
        "Camera Mean RGB Linear": [
            38.80895233154297,
            298.7413024902344,
            729.2408447265625
        ],
        "Camera Mean XYZ Linear": [
            38.01061086765321,
            20.277464099308816,
            222.51439429486243
        ]
    },
    "r0, g0, b226": {
        "Camera Mean RGB Linear": [
            30.281362533569336,
            232.0303497314453,
            563.0843505859375
        ],
        "Camera Mean XYZ Linear": [
            29.515215810171984,
            15.881550585589672,
            171.8070696520016
        ]
    },
    "r0, g0, b198": {
        "Camera Mean RGB Linear": [
            22.475297927856445,
            172.9739990234375,
            414.10906982421875
        ],
        "Camera Mean XYZ Linear": [
            21.880914404456288,
            12.051738547758365,
            126.38324066572747
        ]
    },
    "r0, g0, b170": {
        "Camera Mean RGB Linear": [
            15.298431396484375,
            118.44136047363281,
            280.98919677734375
        ],
        "Camera Mean XYZ Linear": [
            14.912024348200823,
            8.346971784282916,
            85.77592609331614
        ]
    },
    "r0, g0, b141": {
        "Camera Mean RGB Linear": [
            10.075345039367676,
            77.38858795166016,
            184.51121520996094
        ],
        "Camera Mean XYZ Linear": [
            9.783886917251582,
            5.422018259354077,
            56.311232130330026
        ]
    },
    "r0, g0, b113": {
        "Camera Mean RGB Linear": [
            5.914528846740723,
            45.38762283325195,
            108.4513168334961
        ],
        "Camera Mean XYZ Linear": [
            5.743702458099996,
            3.1710752363271366,
            33.09695200544671
        ]
    },
    "r0, g0, b85": {
        "Camera Mean RGB Linear": [
            3.044358015060425,
            23.405080795288086,
            56.219398498535156
        ],
        "Camera Mean XYZ Linear": [
            2.964719237940721,
            1.623710540011643,
            17.156755391221502
        ]
    },
    "r0, g0, b56": {
        "Camera Mean RGB Linear": [
            1.1217968463897705,
            8.471136093139648,
            20.10760498046875
        ],
        "Camera Mean XYZ Linear": [
            1.0757078593418146,
            0.5977645218496461,
            6.134425112414419
        ]
    },
    "r0, g0, b28": {
        "Camera Mean RGB Linear": [
            0.2216455191373825,
            1.297694444656372,
            2.884286880493164
        ],
        "Camera Mean XYZ Linear": [
            0.1778063077042318,
            0.10187533671646784,
            0.8745299544284219
        ]
    },
    "r0, g255, b0": {
        "Camera Mean RGB Linear": [
            157.89573669433594,
            1180.3466796875,
            217.375244140625
        ],
        "Camera Mean XYZ Linear": [
            98.82899051321434,
            223.39842378566163,
            23.580015064791
        ]
    },
    "r0, g226, b0": {
        "Camera Mean RGB Linear": [
            120.21946716308594,
            895.1287231445312,
            166.2353515625
        ],
        "Camera Mean XYZ Linear": [
            75.16576438171539,
            169.29379566877344,
            18.420624765769638
        ]
    },
    "r0, g198, b0": {
        "Camera Mean RGB Linear": [
            88.64248657226562,
            673.59033203125,
            124.53326416015625
        ],
        "Camera Mean XYZ Linear": [
            55.89380526311392,
            127.34237558670836,
            13.657010620018262
        ]
    },
    "r0, g170, b0": {
        "Camera Mean RGB Linear": [
            59.988197326660156,
            447.7518615722656,
            83.68976593017578
        ],
        "Camera Mean XYZ Linear": [
            37.56484511543796,
            84.61404209762705,
            9.425175308051404
        ]
    },
    "r0, g141, b0": {
        "Camera Mean RGB Linear": [
            38.18889617919922,
            286.25384521484375,
            54.15582275390625
        ],
        "Camera Mean XYZ Linear": [
            23.980215870247243,
            54.013352653991916,
            6.281217251128391
        ]
    },
    "r0, g113, b0": {
        "Camera Mean RGB Linear": [
            22.569425582885742,
            173.34768676757812,
            32.472190856933594
        ],
        "Camera Mean XYZ Linear": [
            14.312239008855322,
            32.70989922679216,
            3.6822719409951317
        ]
    },
    "r0, g85, b0": {
        "Camera Mean RGB Linear": [
            10.98970890045166,
            89.25276947021484,
            16.447193145751953
        ],
        "Camera Mean XYZ Linear": [
            7.133865929302524,
            16.83393761350038,
            1.7946311439758427
        ]
    },
    "r0, g56, b0": {
        "Camera Mean RGB Linear": [
            3.699322462081909,
            32.65045928955078,
            5.790961742401123
        ],
        "Camera Mean XYZ Linear": [
            2.486047400491881,
            6.1655589997864215,
            0.5700822070788505
        ]
    },
    "r0, g28, b0": {
        "Camera Mean RGB Linear": [
            0.546619713306427,
            4.700345516204834,
            0.9972354173660278
        ],
        "Camera Mean XYZ Linear": [
            0.36859935838563007,
            0.8707568192824586,
            0.14580176727198468
        ]
    },
    "r255, g0, b0": {
        "Camera Mean RGB Linear": [
            306.4263000488281,
            77.04021453857422,
            17.72544288635254
        ],
        "Camera Mean XYZ Linear": [
            98.10605235340824,
            57.649317129735515,
            3.4721281472743
        ]
    },
    "r226, g0, b0": {
        "Camera Mean RGB Linear": [
            249.9170684814453,
            59.96173095703125,
            12.650619506835938
        ],
        "Camera Mean XYZ Linear": [
            79.79513279276331,
            46.866330364153356,
            2.487323904105919
        ]
    },