{"RGB_camera_linear": [[74.27389526367188, 163.37725830078125, 105.95060729980469], [160.23550415039062, 416.4212646484375, 271.0098571777344], [150.0673828125, 523.9324951171875, 149.7111358642578], [210.79483032226562, 415.9035949707031, 106.11693572998047], [29.98798942565918, 171.81297302246094, 282.6947326660156], [62.02751159667969, 414.2652893066406, 143.34945678710938], [131.075927734375, 85.89957427978516, 59.59107208251953], [241.83746337890625, 558.201904296875, 124.7003173828125], [151.4642791748047, 227.9096221923828, 273.4701843261719], [76.57917785644531, 556.9810791015625, 357.4129943847656], [266.7527770996094, 997.8108520507812, 713.9996337890625], [184.33375549316406, 702.6286010742188, 507.4428405761719], [73.42269134521484, 369.36285400390625, 360.6944580078125], [159.0316925048828, 608.5382690429688, 445.6073303222656], [111.83736419677734, 434.1112060546875, 317.91241455078125], [56.49028015136719, 226.60232543945312, 171.3131561279297], [20.075849533081055, 80.01056671142578, 62.84830856323242], [55.71466064453125, 248.48513793945312, 112.83668518066406], [100.27600860595703, 410.0877990722656, 423.00726318359375], [104.24847412109375, 591.8289184570312, 383.5712585449219], [180.7839813232422, 259.0666198730469, 72.36333465576172], [48.97331619262695, 249.71417236328125, 342.8751220703125], [152.4702911376953, 180.9481201171875, 140.51914978027344], [54.18227005004883, 135.40914916992188, 182.33712768554688]], "XYZ_specbos_linear": [[32.55283107764931, 29.519, 26.120932807504996], [71.88522247272073, 69.453, 67.43623870502302], [75.96039160839162, 105.7, 29.528419580419595], [91.90628037181614, 95.939, 19.066963249725006], [23.50239249792028, 17.318999999999996, 90.1549366255766], [37.81951419365365, 67.49100000000001, 32.32510045680724], [44.33821364357483, 25.652000000000005, 14.792969857218408], [98.70174847984534, 114.63999999999999, 17.480141746869084], [61.46736676829268, 40.663000000000004, 74.97329176829268], [53.600506724438695, 84.557, 99.74975792020707], [144.7494863506897, 159.71, 206.66158127180213], [92.95342751890391, 102.851, 136.55193517740585], [44.21378221253066, 49.632999999999996, 99.42061391690355], [87.77506667530615, 97.16199999999999, 129.84942979330003], [61.59955422471033, 68.21600000000001, 92.21282749641973], [31.975942385199883, 35.744, 50.363969078295355], [11.487532913662978, 12.805000000000001, 19.045200189528554], [31.598467078869117, 44.519, 28.944599282578935], [56.37656465860092, 54.965999999999994, 118.76586251936199], [66.98361835992164, 98.071, 109.42341130702485], [70.22556098703001, 62.318, 13.352398183265448], [33.35239233817701, 30.261000000000003, 102.94869484808454], [62.65152466850645, 43.498000000000005, 40.23938291714343], [28.889546485260773, 21.15, 56.53641723356008]]}