{"exposure_time_list": [0.05, 0.05, 0.1, 0.1, 0.125, 0.125, 0.25, 0.25, 0.5, 0.5, 1, 1, 2, 2, 4, 4, 8, 8, 10, 10, 20, 20, 30, 30], "raw_mean_list": [14.85868904739713, 14.829603098088846, 14.860037287720065, 14.891623772628652, 10.674533990925347, 10.67923758309167, 9.180119786731689, 11.798828701034905, 9.486617317816753, 11.946661019856599, 9.489476116643807, 12.218277829681313, 9.910218057423714, 12.627174445202751, 10.805027096589901, 10.82636969194332, 10.321657200713545, 10.339690605239385, 9.243322858758335, 11.880448877227158, 11.586552429195848, 11.644737377318082, 14.558249726310086, 14.579002682786948]}