{"ret": 1.0755703765310118, "mtx": [[20774.68886041625, 0.0, 3818.6531046212112], [0.0, 20712.860376439243, 2280.324218344265], [0.0, 0.0, 1.0]], "dist": [[-0.16279895688842871, -1.2001544729710847, -0.0024389301630737665, 0.0002158056851152816, 24.620249168100866]]}