{"ret": 1.6360541246672522, "mtx": [[25574.71700834565, 0.0, 3810.3116680346056], [0.0, 25562.461649207216, 2781.933110966117], [0.0, 0.0, 1.0]], "dist": [[-0.21184530596901918, -2.9528747567914166, -0.005695392989646998, 0.0013902762514051315, 34.997516008372486]]}