{"ret": 0.5545051341538968, "mtx": [[25088.525799182094, 0.0, 3797.562296802883], [0.0, 25083.90046379571, 2655.297799737262], [0.0, 0.0, 1.0]], "dist": [[-0.21356136499671538, -2.1383956525185925, -0.0036894263300440056, 0.0016866009243622362, 15.216069792912348]]}