{"ret": 1.3992544239330622, "mtx": [[34180.59319293735, 0.0, 3786.8199796441445], [0.0, 34196.229191500875, 2586.69599216942], [0.0, 0.0, 1.0]], "dist": [[0.006208586956824476, -12.548354365499632, -0.008316739071414727, 0.0024538935671680967, 388.3166656914982]]}