{"ret": 0.6751157053543082, "mtx": [[25573.180477467493, 0.0, 3794.626252522883], [0.0, 25566.001465821824, 2692.070056208781], [0.0, 0.0, 1.0]], "dist": [[-0.2171923459917417, -2.6632217656159454, -0.004148960217227759, 0.001559080493523275, 23.738539089802984]]}