{"ret": 0.8601436522809567, "mtx": [[36554.33735960773, 0.0, 3967.5616414590118], [0.0, 36547.47688321257, 2900.690531110375], [0.0, 0.0, 1.0]], "dist": [[-0.026565045405973507, -7.971963619922699, -0.007924722272761198, 0.003142024963477443, -63.31899246996577]]}