{"ret": 1.0035475683977184, "mtx": [[35725.120605316806, 0.0, 4193.671026301812], [0.0, 35711.9351883017, 3041.9717036426223], [0.0, 0.0, 1.0]], "dist": [[0.0479385475853889, -19.138207766055853, -0.007491326429985028, -0.0008499084463556504, 538.5641339941593]]}