{"ret": 0.5376074383191407, "mtx": [[43016.3700744407, 0.0, 3971.3317151832985], [0.0, 43007.136740291324, 2893.503857255368], [0.0, 0.0, 1.0]], "dist": [[-0.13961752246764644, -26.499406484509773, -0.010953414221867356, -0.0013840510157349293, 102.38631921998774]]}