{"ret": 1.39395001337344, "mtx": [[21216.992136807286, 0.0, 3806.1944159227774], [0.0, 21156.131374364282, 2257.3868328414624], [0.0, 0.0, 1.0]], "dist": [[-0.22086974580353233, 2.316709915495521, -0.0018215975025261213, -8.509472828590723e-05, -57.82678791155737]]}