{"ret": 0.42475722814666966, "mtx": [[28039.647807634054, 0.0, 3951.3814623557414], [0.0, 28041.649107073747, 2650.5617695854344], [0.0, 0.0, 1.0]], "dist": [[-0.12915609206010722, -38.452530512509924, -0.0039646044696251504, 0.00031606600023116615, -0.17336736303928793]]}