{"ret": 1.042620329454282, "mtx": [[20472.755326762923, 0.0, 3851.3758944796805], [0.0, 20404.45076116149, 2302.8488905680747], [0.0, 0.0, 1.0]], "dist": [[-0.19834441640986727, 2.406713399126226, -0.0027898274615532946, 0.0009967783502487886, -58.50689524131622]]}