{"ret": 0.5700823199018483, "mtx": [[36226.43987613111, 0.0, 4144.375870815572], [0.0, 36222.759051785855, 2815.890615785124], [0.0, 0.0, 1.0]], "dist": [[-0.0717716539631142, -12.395601725787833, -0.007969189935031805, -0.0011104882076233525, 210.95134623297668]]}