{"ret": 0.4023391967272829, "mtx": [[32747.49646528522, 0.0, 3951.2959547225264], [0.0, 32739.575580161898, 2754.8350925863706], [0.0, 0.0, 1.0]], "dist": [[-0.18039368018248414, -11.330765893451758, -0.005914979122344406, -0.002202041811498648, 137.6590226846012]]}