{"ret": 0.46084866784203626, "mtx": [[36234.639618004185, 0.0, 3997.835213125408], [0.0, 36230.70449009157, 2770.1800865006803], [0.0, 0.0, 1.0]], "dist": [[-0.12786619732521873, -11.48340535424881, -0.007810440144339983, -6.88119771705937e-05, -27.949851809424867]]}