{"ret": 0.5592128397178485, "mtx": [[25709.2542841463, 0.0, 3798.8228348287535], [0.0, 25695.88119527153, 2818.306884507973], [0.0, 0.0, 1.0]], "dist": [[-0.24124284775157706, -1.6077324722796908, -0.006083805670243667, 0.001542486905607495, 10.153256326157916]]}