{"ret": 1.5234476467322313, "mtx": [[25972.338393076734, 0.0, 3792.3120462310585], [0.0, 25958.455407896952, 2844.30063804218], [0.0, 0.0, 1.0]], "dist": [[-0.22752045518256625, -2.3792855303298404, -0.006206779774966549, 0.0012978357466164232, 21.262261480735063]]}