{"ret": 1.0943715223966906, "mtx": [[26031.05185220723, 0.0, 3818.696263575881], [0.0, 26015.340781758954, 2849.7972579565035], [0.0, 0.0, 1.0]], "dist": [[-0.20623474445772408, -4.061367473049258, -0.006521238833308206, 0.0015148499579887768, 58.39856073763534]]}