{"ret": 2.4069257527410484, "mtx": [[20760.525593178565, 0.0, 3818.2272680256206], [0.0, 20789.870001329968, 1205.5964980886413], [0.0, 0.0, 1.0]], "dist": [[-0.059864897137556154, 0.9074212800203374, -0.015632975555792194, 0.0011744939987047255, -4.946118554075727]]}