{"ret": 0.5568550255356456, "mtx": [[26158.102796639792, 0.0, 3807.868180918466], [0.0, 26141.650652356373, 2867.4121826099404], [0.0, 0.0, 1.0]], "dist": [[-0.2467262851926071, -1.9260115170674597, -0.006730363266572103, 0.001527120369441111, 15.579665526431022]], "re_projection_error": 0.010863890799629508}