{"R": [0.5019741307668053, 0.35487120606435646, 1.4152599172471503, 0.5237222837592193, -0.00047882276407623203, 0.06681383862248735], "G": [0.5019741307668053, 0.35487120606435646, 1.4152599172471503, 0.5237222837592193, -0.00047882276407623203, 0.06681383862248735], "B": [0.5019741307668053, 0.35487120606435646, 1.4152599172471503, 0.5237222837592193, -0.00047882276407623203, 0.06681383862248735], "Y": [0.5019741307668053, 0.35487120606435646, 1.4152599172471503, 0.5237222837592193, -0.00047882276407623203, 0.06681383862248735]}