{"R": [0.5021748192520156, 0.3627016277628596, 1.2760622485387036, 0.5333274001508223, -0.0026537159108898267, 0.07693438835082064], "G": [0.5021748192520156, 0.3627016277628596, 1.2760622485387036, 0.5333274001508223, -0.0026537159108898267, 0.07693438835082064], "B": [0.5021748192520156, 0.3627016277628596, 1.2760622485387036, 0.5333274001508223, -0.0026537159108898267, 0.07693438835082064], "Y": [0.5021748192520156, 0.3627016277628596, 1.2760622485387036, 0.5333274001508223, -0.0026537159108898267, 0.07693438835082064]}