{"R": [0.5300232264423549, -0.00788845297558239, 0.06711952003663978, 0.502249143721131, 0.3480952131251728, 1.3319510320851735], "G": [0.5300232264423549, -0.00788845297558239, 0.06711952003663978, 0.502249143721131, 0.3480952131251728, 1.3319510320851735], "B": [0.5300232264423549, -0.00788845297558239, 0.06711952003663978, 0.502249143721131, 0.3480952131251728, 1.3319510320851735], "Y": [0.5300232264423549, -0.00788845297558239, 0.06711952003663978, 0.502249143721131, 0.3480952131251728, 1.3319510320851735]}